"Name","Variable","Topic","Spatial.extent","Spatial.resolution","Time","Provider","Status","url","url_2","Citation","DOI","View_url","Comment","Who","Last_modification"
"Global Administrative Areas (GADM) v4.1","administrative boundaries","Administrative areas","World","vector","2020","UC Davis - Robert Hijmans","Open for academia","https://gadm.org/data.html","https://github.com/rspatial/geodata",NA,NA,NA,"good for within country boundary limits","Romain (add, use), Lisa (use)","29/07/2025"
"Global Database of Political Administrative Boundaries (geoboundaries)","administrative boundaries","Administrative areas","World","vector","2017","geoboundaries","Open to all","http://www.geoboundaries.org/",NA,"Runfola, D. et al. (2020) geoBoundaries: A global database of political administrative boundaries. PLoS ONE 15(4): e0231866. https://doi.org/10.1371/journal.pone.0231866","https://doi.org/10.1371/journal.pone.0231866",NA,NA,"Romain (add)","21/07/2025"
"Natural Earth v4.1","administrative boundaries","Administrative areas","World","vector, ~10m","2018","NACIS","Open to all","https://www.naturalearthdata.com/downloads/","https://github.com/ropensci/rnaturalearth",NA,NA,NA,"possible to download country boundaries based on different point of view; coastline, ocean, rivers also available | package rnaturalearth interacts with this dataset","Romain (add), Lisa (use)","29/07/2025"
"WorldCereal","crop and irrigation area","Agriculture","World","10m","2021","ESA","Open to all","https://zenodo.org/records/7875105",NA,"Van Tricht, K., Degerickx, J., Gilliams, S., Zanaga, D., Battude, M., Grosu, A., Brombacher, J., Lesiv, M., Bayas, J. C. L., Karanam, S., Fritz, S., Becker-Reshef, I., Franch, B., Mollà-Bononad, B., Boogaard, H., Pratihast, A. K., Koetz, B., and Szantoi, Z.: WorldCereal: a dynamic open-source system for global-scale, seasonal, and reproducible crop  and irrigation mapping, Earth Syst. Sci. Data, 15, 5491–5515, https://doi.org/10.5194/essd-15-5491-2023, 2023.","https://doi.org/10.5194/essd-2023-184","https://vdm.esa-worldcereal.org/",NA,"Romain (add)","21/07/2025"
"EUCROPMAP","crop area","Agriculture","Europe","10m","2018","JRC - EU Joint Research Centre","Open to all","https://data.jrc.ec.europa.eu/dataset/15f86c84-eae1-4723-8e00-c1b35c8f56b9",NA,"d'Andrimont, Raphaël; Verhegghen, Astrid; Lemoine, Guido; Kempeneers, Pieter; Meroni, Michele; van der Velde, Marijn (2021): EUCROPMAP 2018. European Commission, Joint Research Centre (JRC)","https://doi.org/10.1016/j.rse.2021.112708","https://ars.els-cdn.com/content/image/1-s2.0-S0034425721004284-gr6_lrg.jpg","19 crop types","Romain (add)","21/07/2025"
"Registre parcellaire graphique (RPG)","crop area","Agriculture","France","vector, field scale","2007-2023","IGN","Open to all","https://geoservices.ign.fr/rpg#telechargement","https://www.data.gouv.fr/fr/datasets/rpg/",NA,NA,"https://www.geoportail.gouv.fr/donnees/registre-parcellaire-graphique-rpg-2022","autre url: https://data.geopf.fr/telechargement/resource/RPG","Romain (add)","21/07/2025"
"Dedieu and Pomeon 2024","Crop rotation","Agriculture","France","vector: commune","2015-2021","data.gouv","Open to all","https://entrepot.recherche.data.gouv.fr/dataset.xhtml?persistentId=doi:10.57745/SHXHP4",NA,"Dedieu MS and Pomeon T (2024), ""Indicateurs sur les successions culturales 2015-2021"", https://doi.org/10.57745/SHXHP4- , Recherche Data Gouv, V1.","https://doi.org/10.57745/SHXHP4",NA,NA,"Romain (add)","06/08/2025"
"Global distribution of field size","field size","Agriculture","World","500m","2017","IIASA","Open to all","https://pure.iiasa.ac.at/id/eprint/15526/",NA,"Lesiv, M., Laso Bayas, J. C., See, L., Duerauer, M., Dahlia, D., Durando, N., ... & Fritz, S. (2019). Estimating the global distribution of field size using crowdsourcing. Global change biology, 25(1), 174-186.","https://doi.org/10.1111/gcb.14492",NA,"Update from Fritz et al. (2015)","Romain (add)","05/08/2025"
"CROPGRIDS","harvest and crop area","Agriculture","World","0.05 deg ~5.6km","2020","Tang et al. 2023","Open to all","https://figshare.com/articles/dataset/CROPGRIDS/22491997",NA,"Tang F. H. M., Nguyen T. H., Conchedda G., Casse L., Tubiello F., and Maggi F. (2023). CROPGRIDS, a global geo-referenced dataset of 173 crops, Scientific Data.","https://doi.org/10.1038/s41597-024-03247-7",NA,"173 crop types, updates Monfredo et al. 2008","Romain (add)","21/07/2025"
"Cartobio","organic farming fields","Agriculture","France","vector, field scale","2019-2023","data.gouv","Open to all","https://www.data.gouv.fr/fr/datasets/616d6531c2951bbe8bd97771/",NA,NA,NA,"https://www.agencebio.org/cartobio/",NA,"Romain (add)","21/07/2025"
"Agreste - Rencesement agricole","Orientation, field size, area, livestock","Agriculture","France","vector: commune","2010, 2020","Agreste","Open to all","https://stats.agriculture.gouv.fr/cartostat/#c=indicator&i=otex_2020_1.otefdd20&t=A02",NA,NA,NA,NA,"csv per commune only if more than 10 ag. per commune","Romain (add)","06/08/2025"
"CHELSA","Climate","Climate","World","30 arc sec ~1 km","1979-2019","WSL - Swiss Federal Institute for Forest, Snow and Landscape Research","Open to all","https://chelsa-climate.org/","https://envicloud.wsl.ch/#/?bucket=https%3A%2F%2Fos.zhdk.cloud.switch.ch%2Fchelsav2%2F&prefix=%2F","Karger, D.N., Schmatz, D., Detttling, D., Zimmermann, N.E. (2020): High resolution monthly precipitation and temperature timeseries for the period 2006-2100. Scientific Data","https://doi.org/10.1038/s41597-020-00587-y",NA,NA,"Romain (add)","29/07/2025"
"E-OBS","Climate","Climate","World","0.1 deg ~10km","1950-2024, daily","Copernicus CDS","Open after registration","https://surfobs.climate.copernicus.eu/dataaccess/access_eobs.php","https://cds.climate.copernicus.eu/datasets/insitu-gridded-observations-europe?tab=overview","Cornes, R. C., Van Der Schrier, G., Van Den Besselaar, E. J., & Jones, P. D. (2018). An ensemble version of the E‐OBS temperature and precipitation data sets. Journal of Geophysical Research: Atmospheres, 123(17), 9391-9409.","https://doi.org/10.1029/2017JD028200",NA,"easy access in r with ClimateExtract: https://retoschmucki.github.io/climateExtract/","Romain (add)","29/07/2025"
"ERA5","Climate","Climate","World","0.25 deg ~30km","1940-2025, hourly","Copernicus CDS","Open after registration","https://cds.climate.copernicus.eu/datasets/reanalysis-era5-single-levels",NA,"Hersbach, H., Bell, B., Berrisford, P., Biavati, G., Horányi, A., Muñoz Sabater, J., Nicolas, J., Peubey, C., Radu, R., Rozum, I., Schepers, D., Simmons, A., Soci, C., Dee, D., Thépaut, J-N. (2023): ERA5 hourly data on single levels from 1940 to present. Copernicus Climate Change Service (C3S) Climate Data Store (CDS),","https://doi.org/10.24381/cds.adbb2d47",NA,NA,"Romain (add)","29/07/2025"
"EuMedClim","Climate","Climate","Europe","30 arc sec ~1 km","1901-2014","INRAE","Open to all","https://entrepot.recherche.data.gouv.fr/dataset.xhtml?persistentId=doi:10.15454/1.505380010373349E12",NA,"Frejaville, Thibaut, 2018, ""Time series (1901-2014) of 1-km resolution climate grids for Europe and Mediterranean Basin - the EuMedClim dataset"", Recherche Data Gouv, V2","https://doi.org/10.15454/1.505380010373349E12",NA,NA,"Romain (add)","29/07/2025"
"European Downscaled Daily Climate v4","Climate","Climate","Europe","30 arc sec ~1 km","1950-2022",NA,"Open to all","https://figshare.com/articles/online_resource/Description_and_Evaluation_of_Downscaled_Daily_Climate_Data_Version_4/22962671/1?file=40704293","https://github.com/VeruGHub/easyclimate","Cruz-Alonso, V., Pucher, C., Ratcliffe, S., Ruiz-Benito, P., Astigarraga, J., Neumann, M., ... & Rodríguez-Sánchez, F. (2023). The easyclimate R package: Easy access to high-resolution daily climate data for Europe. Environmental Modelling & Software, 161, 105627.","https://doi.org/10.1016/j.envsoft.2023.105627",NA,"older version of the dataset:  https://doi.org/10.1002/joc.4436","Romain (add)","29/07/2025"
"PUG-BIOCLIMATE-1km-ERA5","Climate","Climate","Europe","1km","2000","Copernicus CDS","Open after registration","https://cds.climate.copernicus.eu/datasets/sis-biodiversity-era5-regional",NA,"Copernicus Climate Chnage Service (2021): Downscaled bioclimatic indicators for selected regions from 1979 to 2018 derived from reanalysis. Copernicus Climate Change Service (C3S) Climate Data Store (CDS).","https://doi.org/10.24381/cds.fe90a594",NA,"projection to 2100 also available at: https://doi.org/10.24381/cds.0ab27596","Romain (add)","29/07/2025"
"PUG-BIOCLIMATE-ERA5","Climate","Climate","World","0.5 deg ~60km","1979-2018, monthly","Copernicus CDS","Open after registration","https://cds.climate.copernicus.eu/datasets/sis-biodiversity-era5-global",NA,"Copernicus Climate Chnage Service (2021): Global bioclimatic indicators from 1979 to 2018 derived from reanalysis. Copernicus Climate Change Service (C3S) Climate Data Store (CDS).","https://doi.org/10.24381/cds.bce175f0",NA,"projection to 2100 also available at: https://doi.org/10.24381/cds.a37fecb7","Romain (add)","29/07/2025"
"WorldClim","Climate","Climate","World","30 arc sec ~1 km","1985","UC Davis - Robert Hijmans","Open to all","https://www.worldclim.org/",NA,"Fick, S. E., & Hijmans, R. J. (2017). WorldClim 2: new 1‐km spatial resolution climate surfaces for global land areas. International journal of climatology, 37(12), 4302-4315.","https://doi.org/10.1002/joc.5086",NA,NA,"Romain (add, use)","29/07/2025"
"S2M SAFRAN","Climate and snow cover in mountainous area","Climate","France","unknown","1958-2024","AERIS","Open to all","https://www.aeris-data.fr/en/landing-page/?uuid=865730e8-edeb-4c6b-ae58-80f95166509b",NA,"Vernay, M., Lafaysse, M., Monteiro, D., Hagenmuller, P., Nheili, R., Samacoïts, R., Verfaillie, D., and Morin, S.: The S2M meteorological and snow cover reanalysis over the French mountainous areas: description and evaluation (1958–2021), Earth Syst. Sci. Data, 14, 1707–1733","https://doi.org/10.5194/essd-14-1707-2022",NA,"netCDF are hard to read, maille SAFRAN: https://entrepot.recherche.data.gouv.fr/dataset.xhtml?persistentId=doi:10.57745/1PDFNL ?","Romain (add)","29/07/2025"
"Natura 2000","Protected area","Conservation areas","Europe","vector","2010-2022","EEA","Open to all","https://www.eea.europa.eu/en/datahub/datahubitem-view/6fc8ad2d-195d-40f4-bdec-576e7d1268e4",NA,NA,NA,"https://natura2000.eea.europa.eu/",NA,"Romain (add)","11/08/2025"
"World Database on Protected Areas (WDPA)","Protected area","Conservation areas","World","vector","2024","UNEP - IUCN","Open to all","https://www.protectedplanet.net/en/thematic-areas/wdpa?tab=WDPA",NA,NA,NA,NA,NA,"Romain (add)","29/07/2025"
"Ecoregion 2017","habitat","Ecoregion","World","vector","2017","Dinerstein 2017","Open to all","https://storage.googleapis.com/teow2016/Ecoregions2017.zip",NA,"Dinerstein, E., Olson, D., Joshi, A., Vynne, C., Burgess, N. D., Wikramanayake, E., ... & Saleem, M. (2017). An ecoregion-based approach to protecting half the terrestrial realm. BioScience, 67(6), 534-545.","https://doi.org/10.1093/biosci/bix014","https://ecoregions.appspot.com/","846 global ecoregions, update from TEOW,  superseeded by Global Biome Cluster 2022","Romain (add)","29/07/2025"
"Freshwater Ecoregions of the World","habitat","Ecoregion","World","vector","2008","WWF","Open to all","https://www.feow.org/download","https://www.worldwildlife.org/pages/freshwater-ecoregions-of-the-world--2","Abell, R., M. Thieme, C. Revenga, M. Bryer, M. Kottelat, N. Bogutskaya, B. Coad, N. Mandrak, S. Contreras-Balderas, W. Bussing, M. L. J. Stiassny, P. Skelton, G. R. Allen, P. Unmack, A. Naseka, R. Ng, N. Sindorf, J. Robertson, E. Armijo, J. Higgins, T. J. Heibel, E. Wikramanayake, D. Olson, H. L. Lopez, R. E. d. Reis, J. G. Lundberg, M. H. Sabaj Perez, and P. Petry. 2008. Freshwater ecoregions of the world: A new map of biogeographic units for freshwater biodiversity conservation. BioScience 58:403-414.","https://doi.org/10.1641/B580507","https://www.feow.org/ecoregions/interactive-map","426 ecoregions","Romain (add)","29/07/2025"
"Global biome cluster","habitat","Ecoregion","World","100m","2022","Copernicus CLMS","Open to all","https://zenodo.org/records/5848610",NA,"Buchhorn, M (2022). Copernicus Global Land Service: Global biome cluster layer for the 100m global land cover processing line (v1.0)","https://doi.org/10.5281/zenodo.5848610",NA,"73 biomes","Romain (add)","29/07/2025"
"Global Ecological Zones","habitat","Ecoregion","World","vector","2010","FAO","Open to all","https://data.apps.fao.org/catalog/dataset/2fb209d0-fd34-4e5e-a3d8-a13c241eb61b",NA,NA,NA,"https://data.apps.fao.org/map/catalog/srv/api/records/2fb209d0-fd34-4e5e-a3d8-a13c241eb61b/attachments/ecozones2010_1.jpg","20 zones, superseeded by Global Biome Cluster 2022","Romain (add)","29/07/2025"
"Global maps of habitat types","habitat","Ecoregion","World","100m","2015","IUCN","Open to all","https://doi.org/10.5281/zenodo.4058819",NA,"Jung, M., Dahal, P. R., Butchart, S. H., Donald, P. F., De Lamo, X., Lesiv, M., ... & Visconti, P. (2020). A global map of terrestrial habitat types. Scientific data, 7(1), 256.","https://doi.org/10.1038/s41597-020-00599-8",NA,"47 terrestrial habitat types, can be seen and downloaded here: https://uploads.users.earthengine.app/view/habitat-types-map","Romain (add)","29/07/2025"
"Koppen-Geiger maps","habitat","Ecoregion","World","0.01 deg ~ 1 km","1901-2099","GloH2O","Open to all","https://springernature.figshare.com/collections/High-resolution_1_km_K_ppen-Geiger_maps_for_1901_2099_based_on_constrained_CMIP6_projections/6395666/1","https://www.gloh2o.org/koppen/","Beck, H. E., McVicar, T. R., Vergopolan, N., Berg, A., Lutsko, N. J., Dufour, A., ... & Miralles, D. G. (2023). High-resolution (1 km) Köppen-Geiger maps for 1901–2099 based on constrained CMIP6 projections. Scientific data, 10(1), 724.","https://doi.org/10.1038/s41597-023-02549-6",NA,"superseed older Koeppen classification: Karger et al. 2017 https://www.nature.com/articles/sdata2017122; or Peel et al 2007, https://doi.org/10.5194/hess-11-1633-2007, 2007","Romain (add, use)","29/07/2025"
"Marine Ecoregions of the World (MEOW)","habitat","Ecoregion","World","vector","2007","WWF","Open to all","https://www.worldwildlife.org/publications/marine-ecoregions-of-the-world-a-bioregionalization-of-coastal-and-shelf-areas",NA,"Spalding MD, Fox HE, Allen GR, Davidson N, Ferdaña ZA, Finlayson M, Halpern BS, Jorge MA, Lombana A, Lourie SA, Martin KD, McManus E, Molnar J, Recchia CA, Robertson J (2007) Marine Ecoregions of the World: a bioregionalization of coast and shelf areas. BioScience 57: 573-583.","https://doi.org/10.1641/B570707","https://databasin.org/maps/new/#datasets=3b6b12e7bcca419990c9081c0af254a2","12 realms, 62 provinces, 232 ecoregions","Romain (add, use)","29/07/2025"
"Terrestrial Ecoregions of the World (TEOW)","habitat","Ecoregion","World","vector","2001","WWF","Open to all","https://www.worldwildlife.org/publications/terrestrial-ecoregions-of-the-world",NA,"Olson, D. M., Dinerstein, E., Wikramanayake, E. D., Burgess, N. D., Powell, G. V. N., Underwood, E. C., D'Amico, J. A., Itoua, I., Strand, H. E., Morrison, J. C., Loucks, C. J., Allnutt, T. F., Ricketts, T. H., Kura, Y., Lamoreux, J. F., Wettengel, W. W., Hedao, P., Kassem, K. R. 2001. Terrestrial ecoregions of the world: a new map of life on Earth. Bioscience 51(11):933-938.","https://doi.org/10.1641/0006-3568(2001)051[0933:TEOTWA]2.0.CO;2",NA,"14 biomes, 867 ecoregions","Romain (add)","29/07/2025"
"Global environmental stratification (GEnS)","habitat, bioclimate","Ecoregion","World","30 arc sec ~1 km","2012","University of Edinburgh","Open to all","https://datashare.ed.ac.uk/handle/10283/3089",NA,"Metzger, M. J., Bunce, R. G., Jongman, R. H., Sayre, R., Trabucco, A., & Zomer, R. (2013). A high‐resolution bioclimate map of the world: a unifying framework for global biodiversity research and monitoring. Global Ecology and Biogeography, 22(5), 630-638.","https://doi.org/10.1111/geb.12022",NA,"18 zones, 125 strata","Romain (add), Lisa (use)","29/07/2025"
"CaRHAB","regionalization","Ecoregion","France",NA,NA,"INPN","Open to all","https://inpn.mnhn.fr/programme/carhab",NA,NA,NA,NA,"not complete yet for whole France, INPN down in July 2025","Romain (add)","07/2025"
"GEBCO","bathymetry","Elevation","World","15 arc sec ~500m","2024","GEBCO","Open to all","https://www.gebco.net/data-products/gridded-bathymetry-data",NA,"GEBCO Bathymetric Compilation Group 2024(2024). The GEBCO_2024 Grid - a continuous terrain model of the global oceans and land. NERC EDS British Oceanographic Data Centre NOC","https://doi.org/10.5285/1c44ce99-0a0d-5f4f-e063-7086abc0ea0f/","https://download.gebco.net/",NA,"Romain (add, use)","29/07/2025"
"ALOS World 3D - 30m (AW3D30)","elevation","Elevation","World","30m","2014","JAXA","Open after registration","https://www.eorc.jaxa.jp/ALOS/en/dataset/aw3d30/aw3d30_e.htm","https://portal.opentopography.org/datasetMetadata?otCollectionID=OT.112016.4326.2","Takaku, J., Tadono, T., Doutsu, M., Ohgushi, F., & Kai, H. (2020). Updates of ‘AW3D30’ALOS global digital surface model with other open access datasets. The international archives of the photogrammetry, remote sensing and spatial information sciences, 43, 183-189.","https://doi.org/10.5194/isprs-archives-XLIII-B4-2020-183-2020",NA,"Often one of the best DEM currently in comparison to others: https://doi.org/10.1016/j.rse.2021.112474, https://doi.org/10.3390/rs12213482, c https://doi.org/10.1111/jfr3.12550","Romain (add)","05/08/2025"
"ASTER GDEM v3","elevation","Elevation","World","30m","2019","NASA + METI","Open to all","https://www.earthdata.nasa.gov/data/catalog/lpcloud-astgtm-003","https://opendap.cr.usgs.gov/opendap/hyrax/ASTGTM_NC.003/contents.html","NASA/METI/AIST/Japan Spacesystems and U.S./Japan ASTER Science Team. (2019). ASTER Global Digital Elevation Model V003 [Data set]. NASA Land Processes Distributed Active Archive Center.","https://doi.org/10.5067/ASTER/ASTGTM.003","https://search.earthdata.nasa.gov/search?q=C1711961296-LPCLOUD",NA,"Romain (add, use)","05/08/2025"
"Copernicus DEM GLO-30","elevation","Elevation","World","30m","2024","Copernicus","Open after registration","https://doi.org/10.5270/ESA-c5d3d65","https://portal.opentopography.org/raster?opentopoID=OTSDEM.032021.4326.3",NA,"https://doi.org/10.5270/ESA-c5d3d65",NA,"Has been found to have good vertical resolution: https://doi.org/10.1109/TGRS.2024.3368015, https://doi.org/10.1080/17538947.2022.2094002","Romain (add, use), Lisa (use)","29/07/2025"
"EarthEnv-DEM90","elevation","Elevation","World","90m","2014","Earthenv","Open to all","https://www.earthenv.org/DEM",NA,"Robinson, N., Regetz, J., & Guralnick, R. P. (2014). EarthEnv-DEM90: A nearly-global, void-free, multi-scale smoothed, 90m digital elevation model from fused ASTER and SRTM data. ISPRS Journal of Photogrammetry and Remote Sensing, 87, 57-67.","https://doi.org/10.1016/j.isprsjprs.2013.11.002",NA,NA,"Romain (add)","29/07/2025"
"European Digital Terrain Models (EU DTM)","elevation","Elevation","Europe","30m","2020","Hengl 2020","Open to all","https://zenodo.org/records/4724549",NA,"Hengl, T., Leal Parente, L., Krizan, J., & Bonannella, C. (2020). Continental Europe Digital Terrain Model at 30 m resolution based on GEDI, ICESat-2, AW3D, GLO-30, EUDEM, MERIT DEM and background layers (v0.3)","https://doi.org/10.5281/zenodo.4724549",NA,"Easy to download, and use combine multiple sources of information","Romain (add)","05/08/2025"
"FABDEM","elevation","Elevation","World","30m","2023","University of Bristol","Open for academia","https://data.bris.ac.uk/data/dataset/s5hqmjcdj8yo2ibzi9b4ew3sn",NA,"Hawker, L., Uhe, P., Paulo, L., Sosa, J., Savage, J., Sampson, C., & Neal, J. (2022). A 30 m global map of elevation with forests and buildings removed. Environmental Research Letters, 17(2), 024016.","https://doi.org/10.1088/1748-9326/ac4d4f",NA,NA,"Romain (add)","05/08/2025"
"Global Ensemble Digital Terrain Model (GEDTM30)","elevation","Elevation","World","30m, 250m","2023","OpenLandMap","Open to all","https://zenodo.org/records/15689805","https://zenodo.org/records/7676373","Ho Y, Grohmann CH, Lindsay J, Reuter HI, Parente L, Witjes M, Hengl T. 2025. GEDTM30: global ensemble digital terrain model at 30 m and derived multiscale terrain variables. PeerJ 13:e19673","https://doi.org/10.7717/peerj.19673","https://openlandmap.org/?center=25,39&zoom=4&opacity=72&base=OpenStreetMap&layer=dtm.bareearth_ensemble","Might be the new winner of DEM and easy to download","Romain (add)","05/08/2025"
"GTOPO30","elevation","Elevation","World","30 arc sec ~1 km","1996","USGS EROS","Open to all","https://doi.org/10.5066/F7DF6PQS",NA,"Gesch, D. B., Verdin, K. L., & Greenlee, S. K. (1999). New land surface digital elevation model covers the Earth. Eos, Transactions American Geophysical Union, 80(6), 69-70.","https://doi.org/10.1029/99EO00050",NA,"outdated, superseeded by GMTED2010: https://catalog.data.gov/dataset/global-multi-resolution-terrain-elevation-data-2010-gmted2010","Romain (add)","29/07/2025"
"RGE ALTI","elevation","Elevation","France","1m, 5m","2018","IGN","Open to all","https://geoservices.ign.fr/rgealti","https://github.com/ahasverus/rgeoservices/",NA,NA,NA,"BD Alti with coarser resolution of 25m available at https://geoservices.ign.fr/bdalti","Romain (add)","07/2025"
"SRTM 30","elevation","Elevation","World","30m","2000","NASA","Open after registration","https://dwtkns.com/srtm30m/","https://www.earthdata.nasa.gov/data/instruments/srtm",NA,NA,NA,"also available at: https://portal.opentopography.org/raster?opentopoID=OTSRTM.082015.4326.1","Romain (add, use)","29/07/2025"
"Tandem-X","elevation","Elevation","World","30m","2016","German Aerospace Center (DLR)","Open to all","https://geoservice.dlr.de/web/dataguide/tdm30/","https://data.europa.eu/data/datasets/5eecdf4c-de57-4624-99e9-60086b032aea?locale=en","TanDEM-X - Digital Elevation Model (DEM) - Global, 12m. https://gdk.gdi-de.org/geonetwork/srv/api/records/5eecdf4c-de57-4624-99e9-60086b032aea",NA,"https://geoservice.dlr.de/web/maps/tdm:edem30","exist at 12m resolution, to be ordered; platform to download tiles: https://download.geoservice.dlr.de/TDM30_DCM/ Was found to be good in Brazil: https://doi.org/10.1016/j.rse.2018.04.043","Romain (add)","07/2025"
"ETOPO","elevation and bathymetry","Elevation","World","15 arc sec ~500m","2022","NOAA","Open to all","https://www.ncei.noaa.gov/products/etopo-global-relief-model",NA,"NOAA National Centers for Environmental Information. 2022: ETOPO 2022 15 Arc-Second Global Relief Model. NOAA National Centers for Environmental Information","https://doi.org/10.25921/fd45-gt74","https://www.ncei.noaa.gov/maps/grid-extract/",NA,"Romain (add)","07/2025"
"Annual terrestrial Footprint","footprint","Footprint","World","1km","2000-2018","Mu 2022","Open to all","https://doi.org/10.6084/m9.figshare.16571064",NA,"Mu, H., Li, X., Wen, Y. et al. A global record of annual terrestrial Human Footprint dataset from 2000 to 2018. Sci Data 9, 176 (2022). https://doi.org/10.1038/s41597-022-01284-8","https://doi.org/10.1038/s41597-022-01284-8",NA,"superseeded by HFP-100, Gassert et al. 2023","Romain (add)","07/2025"
"Human footprint index HFI","footprint","Footprint","World","1km","1993, 2009","Venter 2016","Open to all","https://datadryad.org/stash/dataset/doi:10.5061/dryad.052q5",NA,"Venter, O., Sanderson, E., Magrach, A. et al. Global terrestrial Human Footprint maps for 1993 and 2009. Sci Data 3, 160067 (2016).","https://doi.org/10.1038/sdata.2016.67",NA,"superseeded by HFP-100, Gassert et al. 2023","Romain (add)","29/07/2025"
"Human Impact Index","footprint","Footprint","World","300m","2001-2020","Wildlife Conservation Society","Open to all","https://wcshumanfootprint.org/data-access",NA,"Sanderson, E. W., Fisher, K., Robinson, N., Sampson, D., Duncan, A., & Royte, L. (2022). The march of the human footprint.","https://doi.org/10.32942/osf.io/d7rh6","https://wcshumanfootprint.org/map/",NA,"Romain (add)","07/2025"
"Terrestrial Human Footprint (HFP-100)","footprint","Footprint","World","100m","2015-2020","Gassert 2023","Open to all","https://datadryad.org/dataset/doi:10.5061/dryad.ttdz08m1f",NA,"Gassert, F., Venter, O., Watson, J. E., Brumby, S. P., Mazzariello, J. C., Atkinson, S. C., & Hyde, S. (2023). An operational approach to near real time global high resolution mapping of the terrestrial Human Footprint. Frontiers in Remote Sensing, 4, 1130896.","https://doi.org/10.3389/frsen.2023.1130896","https://www.frontiersin.org/files/Articles/1130896/frsen-04-1130896-HTML-r3/image_m/frsen-04-1130896-g001.jpg",NA,"Romain (add), Miriam (use)","07/2025"
"GLOBIO4 Biodiversity Intactness","local biodiversity intactness","Footprint","World","300m","2015, 2050","Globio","Open to all","https://www.globio.info/globio-data-downloads",NA,"Schipper, A. M., Hilbers, J. P., Meijer, J. R., Antão, L. H., Benítez‐López, A., de Jonge, M. M., ... & Huijbregts, M. A. (2020). Projecting terrestrial biodiversity intactness with GLOBIO 4. Global Change Biology, 26(2), 760-771.","https://doi.org/10.1111/gcb.14848","https://www.globio.info/globioweb",NA,"Romain (add)","06/08/2025"
"CARTNAT","naturalness","Footprint","France","20m","2025","UICN France","Open to all","https://uicn-ressources.fr/CartNat/Donnees%20cartographiques.zip","https://figshare.com/articles/dataset/CARTNAT_SPATIAL_DATA_ARCHIVE/28430936","Carruthers-Jones, J., Guetté, A., Carver, S., Lefebvre, T., Vallauri, D., Debeir, L., ... & Debuf, O. (2025). High-resolution naturalness mapping can support conservation policy objectives and identify locations for strongly protected areas in France. Communications Earth & Environment, 6(1), 279.","https://doi.org/10.1038/s43247-025-02160-0",NA,NA,"Romain (add)","07/2025"
"Kummu 2018","GDP and HDI map","Human activities","World","30 arc sec ~ 1km","1990-2015","Kummu 2018","Open to all","https://datadryad.org/stash/dataset/doi:10.5061/dryad.dk1j0",NA,"Kummu, M., Taka, M. & Guillaume, J. Gridded global datasets for Gross Domestic Product and Human Development Index over 1990–2015. Sci Data 5, 180004 (2018).","https://doi.org/10.1038/sdata.2018.4","https://www.nature.com/articles/sdata20184/figures/2",NA,"Romain (add)","29/07/2025"
"Fichier localisé social et fiscal (Filosofi)","income, poverty, living standard","Human activities","France","200m","2014-2021","INSEE","Open to all","https://www.insee.fr/fr/metadonnees/source/serie/s1172","https://www.insee.fr/fr/statistiques/7756729#consulter",NA,NA,"https://statistiques-locales.insee.fr/index.php#bbox=-1045172,6661347,2582466,1619645&c=indicator&i=ds_filosofi.med_sl&s=2021&t=A01&view=map1","can also be viewed at: https://www.geoportail.gouv.fr/donnees/niveau-de-vie or downloaded: https://www.insee.fr/fr/statistiques/7655513?sommaire=7655515","Romain (add)","28/07/2025"
"Landscape fragmentation Effective Mesh Density","Landscape Fragmenation","Human activities","Europe","100m","2009-2019","EEA","Open to all","https://www.eea.europa.eu/en/datahub/datahubitem-view/9d0b51f9-047d-4af1-89eb-3756e46ffc53?activeAccordion=1083720","https://sdi.eea.europa.eu/catalogue/srv/eng/catalog.search#/metadata/9d0b51f9-047d-4af1-89eb-3756e46ffc53","Jaeger, J. A., Soukup, T., Schwick, C., Madriñán, L. F., & Kienast, F. (2016). Landscape fragmentation in Europe. In European landscape dynamics (pp. 187-228). CRC Press.",NA,NA,NA,"Romain (add)","29/07/2025"
"GlobPOP","Population density","Human activities","World","30 arc sec ~1 km","1990-2020","Liu et al. 2024","Open to all","https://zenodo.org/records/10088105",NA,NA,"https://doi.org/10.1038/s41597-024-02913-0","https://globpop.shinyapps.io/GlobPOP/",NA,"Romain (add, use)","07/2025"
"Gridded Population of the World (GPWv4)","Population density","Human activities","World","30 arc sec ~1 km","2000 - 2020 (5yrs)","NASA - CIESIN","Open to all","transition to other download platform",NA,NA,"https://www.earthdata.nasa.gov/data/projects/gpw",NA,NA,"Romain (add)","07/2025"
"LandScan","Population density","Human activities","World","1km","2000-2023","Oak Ridge National Laboratory","Open to all","https://landscan.ornl.gov/",NA,NA,NA,"https://landscan.ornl.gov/",NA,"Romain (add)","07/2025"
"WorldPop","Population density","Human activities","World","30 arc sec ~1 km","2000-2020","University of Southampton","Open to all","https://hub.worldpop.org/project/categories?id=18",NA,NA,"https://doi.org/10.1080/20964471.2019.1625151",NA,NA,"Romain (add)","07/2025"
"Global Human Settlement annual population (GHS POP)","Population density, distance to urban center, area of urban center","Human activities","World","100m","1975-2030 (5yrs)","JRC - EU Joint Research Centre","Open to all","https://jeodpp.jrc.ec.europa.eu/ftp/jrc-opendata/GHSL/GHS_POP_GLOBE_R2023A/",NA,NA,"https://doi.org/10.2905/2FF68A52-5B5B-4A22-8F40-C41DA8332CFE",NA,NA,"Romain (add), Lisa (use)","29/07/2025"
"Route500","road","Human activities","France","vector 1:50000","2021","IGN","Open to all","https://geoservices.ign.fr/route500",NA,NA,NA,NA,"last update in BD Carto","Romain (add)","07/2025"
"Global Roads Inventory Project (GRIP)","road and road density","Human activities","World","5 arc minute ~ 8km + vector","2018","Globio","Open to all","https://www.globio.info/download-grip-dataset",NA,"Meijer, J. R., Huijbregts, M. A., Schotten, K. C., & Schipper, A. M. (2018). Global patterns of current and future road infrastructure. Environmental Research Letters, 13(6), 064006.","https://doi.org/10.1088/1748-9326/aabd42",NA,NA,"Romain (add)","07/2025"
"BD Carto","transport, rivers, land cover","Human activities","France","vector 1:50000","2024","IGN","Open to all","https://geoservices.ign.fr/bdcarto",NA,NA,NA,NA,NA,"Romain (add)","07/2025"
"Weiss 2018","travel time","Human activities","World","1km","2015","Weiss 2018","Open to all","https://phys-techsciences.datastations.nl/dataset.xhtml?persistentId=doi:10.17026/dans-ztx-2sd2",NA,"Weiss, D., Nelson, A., Gibson, H. et al. A global map of travel time to cities to assess inequalities in accessibility in 2015. Nature 553, 333–336 (2018). https://doi.org/10.1038/nature25181","https://doi.org/10.1038/nature25181",NA,NA,"Romain (add)","07/2025"
"Global Streamflow Characteristics Dataset (GSCD)","river flows","Hydrography","World","0.125 deg","2015","GloH2O","Open to all","https://www.gloh2o.org/gscd/",NA,"Beck, H. E., De Roo, A., & van Dijk, A. I. (2015). Global maps of streamflow characteristics based on observations from several thousand catchments. Journal of Hydrometeorology, 16(4), 1478-1501.","https://doi.org/10.1175/JHM-D-14-0155.1",NA,"many other dataset on GloH2O, such as corrected precipitation","Romain (add)","29/07/2025"
"BD Topage","rivers","Hydrography","France","vector","2022","SANDRE","Open to all","https://www.sandre.eaufrance.fr/atlas/srv/fre/catalog.search#/metadata/82752235-2ddf-4b62-a82f-6ea276671f18",NA,NA,NA,NA,NA,"Romain (add)","07/2025"
"Hydrography90m","rivers","Hydrography","World","90m","2022","GeoFRESH","Open to all","https://hydrography.org/hydrography90m/hydrography90m_layers","https://glowabio.github.io/hydrographr/","Amatulli, G., Garcia Marquez, J., Sethi, T., Kiesel, J., Grigoropoulou, A., Üblacker, M. M., Shen, L. Q., and Domisch, S.: Hydrography90m: a new high-resolution global hydrographic dataset, Earth Syst. Sci. Data, 14, 4525–4550","https://doi.org/10.5194/essd-14-4525-2022",NA,"also contain Environment90, with environmental data but not yet published","Romain (add)","21/07/2025"
"Water and Wetness (WAW)","water","Hydrography","Europe","10m","2018","Copernicus CLMS","Open to all","https://land.copernicus.eu/en/products/high-resolution-layer-water-and-wetness/water-and-wetness-status-2018","https://sdi.eea.europa.eu/catalogue/copernicus/api/records/7992f641-bf77-47b7-b0c1-74fc832b78b1?language=all","Copernicus Land Monitoring Service (2020).Water and Wetness 2018 (raster 10 m), Europe, 3-yearly - version 2, Nov. 2020. European Environment Agency","https://doi.org/10.2909/7992f641-bf77-47b7-b0c1-74fc832b78b1",NA,NA,"Romain (add)","29/07/2025"
"Global Surface Water (GSW)","water extent, occurrence, seasonality, transitions","Hydrography","World","30m","1984-2021","JRC - EU Joint Research Centre","Open to all","https://global-surface-water.appspot.com/download","https://global-surface-water.appspot.com/","Pekel, J. F., Cottam, A., Gorelick, N., & Belward, A. S. (2016). High-resolution mapping of global surface water and its long-term changes. Nature, 540(7633), 418-422.","https://doi.org/10.1038/nature20584","https://global-surface-water.appspot.com/map",NA,"Romain (add)","05/08/2025"
"Riparian zones","water vapor","Hydrography","Europe","vector","2012, 2018","Copernicus CLMS","Open after registration","https://land.copernicus.eu/en/products/riparian-zones","https://sdi.eea.europa.eu/catalogue/copernicus/api/records/2afca4ec-76e2-4155-b4e6-7460f9f6ae01?language=all",NA,"https://doi.org/10.2909/2afca4ec-76e2-4155-b4e6-7460f9f6ae01","https://land.copernicus.eu/en/map-viewer?dataset=2c2766674ff442afa7161bdeac816a81","The classification provides 55 distinct thematic classes with a Minimum Mapping Unit (MMU) of 0.5 ha and a Minimum Mapping Width (MMW) of 10 m.","Romain (add)","05/08/2025"
"Long term Global Land Change","Bare_ground, Short_vegetation, Tree_canopy","Land use land cover","World","0.05° ~ 6km","1982-2016","The Global Land Analysis and Discovery (GLAD) laboratory","Open to all","https://glad.umd.edu/dataset/long-term-global-land-change",NA,"Song, X.P., Hansen, M.C., Stehman, S.V., Potapov, P.V., Tyukavina, A., Vermote, E.F., & Townshend, J.R. (2018). Global land change 1982-2016. Nature 560, 639–643.","https://doi.org/10.1038/s41586-018-0411-9",NA,NA,"Nicolas M (add)","24/07/2025"
"Global Forest Change","forest cover","Land use land cover","World","30m","2000-2024","University of Maryland - Global Forest Watch","Open to all","https://storage.googleapis.com/earthenginepartners-hansen/GFC-2024-v1.12/download.html",NA,"Hansen, M. C., P. V. Potapov, R. Moore, M. Hancher, S. A. Turubanova, A. Tyukavina, D. Thau, S. V. Stehman, S. J. Goetz, T. R. Loveland, A. Kommareddy, A. Egorov, L. Chini, C. O. Justice, and J. R. G. Townshend. 2013. High-Resolution Global Maps of 21st-Century Forest Cover Change. Science 342 (15 November): 850-53.","https://doi.org/10.1126/science.1244693","https://glad.earthengine.app/view/global-forest-change#bl=off;old=off;dl=1;lon=20;lat=10;zoom=3;","also shown at https://www.globalforestwatch.org/map/","Romain (add)","07/2025"
"Global Forest Cover Change (GFCC30TC)","forest cover","Land use land cover","World","30m","2000, 2005, 2010, 2015","NASA","Open to all","https://www.earthdata.nasa.gov/data/catalog/lpcloud-gfcc30tc-003","https://e4ftl01.cr.usgs.gov/MEASURES/GFCC30TC.003/","Sexton, J. O., Song, X. P., Feng, M., Noojipady, P., Anand, A., Huang, C., ... & Townshend, J. R. (2013). Global, 30-m resolution continuous fields of tree cover: Landsat-based rescaling of MODIS vegetation continuous fields with lidar-based estimates of error. International Journal of Digital Earth, 6(5), 427-448.","https://doi.org/10.1080/17538947.2013.786146",NA,NA,"Romain (add)","29/07/2025"
"History Database of the Global Environment (HYDE) v3.5","History","Land use land cover","World","5 arc min ~ 8km","-10000-2025","Utrecht University","Open to all","https://public.yoda.uu.nl/geo/UU01/F45D44.html","https://archaeology.datastations.nl/dataset.xhtml?persistentId=doi:10.17026/dans-25g-gez3","Klein Goldewijk, K., Beusen, A., Doelman, J., & Stehfest, E. (2017). Anthropogenic land use estimates for the Holocene–HYDE 3.2. Earth System Science Data, 9(2), 927-953.","https://doi.org/10.5194/essd-9-927-2017","https://hyde-portal.geo.uu.nl/","global carbon budget also available from https://landuse.sites.uu.nl/datasets/","Romain (add)","07/2025"
"Pan-European land cover map of 2015","land cover","Land use land cover","Europe","30m","2015","Pflugmacher 2018","Open to all","https://doi.pangaea.de/10.1594/PANGAEA.896282",NA,"Pflugmacher, D et al. (2019): Mapping pan-European land cover using Landsat spectral-temporal metrics and the European LUCAS survey. Remote Sensing of Environment, 221, 583-595","https://doi.org/10.1016/j.rse.2018.12.001",NA,"12 land cover classes. Easy to download and was said to be slightly better than Corine.","Romain (add)","05/08/2025"
"BD TOPO","Landcover","Land use land cover","France","vector","2025","IGN","Open to all","https://geoservices.ign.fr/bdtopo",NA,NA,NA,NA,NA,"Romain (add)","07/2025"
"CLC Plus","Landcover","Land use land cover","Europe","10m","2018, 2021, 2023","Copernicus CLMS","Open after registration","https://land.copernicus.eu/en/products/clc-backbone","https://sdi.eea.europa.eu/catalogue/srv/api/records/b0bd43c6-1fa1-4d88-9c45-98b13a95d0b2?language=all","Copernicus Land Monitoring Service (2025).CLCplus Backbone 2023 (raster 10 m), Europe, 2-yearly, May 2025. European Environment Agency","https://doi.org/10.2909/b0bd43c6-1fa1-4d88-9c45-98b13a95d0b2","https://land.copernicus.eu/en/map-viewer?product=b2b34ffbe8a646ca8833c3eca0dee516","only 11 land cover classes","Romain (add, use)","29/07/2025"
"Corine Land Cover","Landcover","Land use land cover","Europe","100m","2000, 2006, 2012, 2018","Copernicus CLMS","Open after registration","https://land.copernicus.eu/en/products/corine-land-cover","https://sdi.eea.europa.eu/catalogue/copernicus/api/records/960998c1-1870-4e82-8051-6485205ebbac?language=all","Copernicus Land Monitoring Service (2020).CORINE Land Cover 2018 (raster 100 m), Europe, 6-yearly - version 2020_20u1, May 2020. European Environment Agency","https://doi.org/10.2909/960998c1-1870-4e82-8051-6485205ebbac","https://land.copernicus.eu/en/map-viewer?dataset=0407d497d3c44bcd93ce8fd5bf78596a","44 land cover classes","Romain (add, use), Lisa (use)","29/07/2025"
"ESA CCI","Landcover","Land use land cover","World","300m","1992-2015","Copernicus CDS","Open after registration","https://cds.climate.copernicus.eu/datasets/satellite-land-cover?tab=download","https://catalogue.ceda.ac.uk/uuid/b382ebe6679d44b8b0e68ea4ef4b701c/","Copernicus Climate Change Service, Climate Data Store, (2019): Land cover classification gridded maps from 1992 to present derived from satellite observation. Copernicus Climate Change Service (C3S) Climate Data Store (CDS).","https://doi.org/10.24381/cds.006f2c9a",NA,"22 classes, also Plant Functional Types available at: https://catalogue.ceda.ac.uk/uuid/26a0f46c95ee4c29b5c650b129aab788/","Romain (add, use)","29/07/2025"
"European Land Systems","Landcover","Land use land cover","Europe","1km","2021","Dou et al. 2021","Open to all","https://doi.org/10.34894/XNC5KA",NA,"https://doi.org/10.1007/s10980-021-01227-5","Dou, Y., Cosentino, F., Malek, Z. et al. A new European land systems representation accounting for landscape characteristics. Landscape Ecol (2021). https://doi-org/10.1007/s10980-021-01227-5 doi: 10.1007/s10980-021-01227-5",NA,"4 land systems, and intensity classes","Romain (add)","07/2025"
"GLC_FCS30D","Landcover","Land use land cover","World","30m","1985, 1990, 1995, 2000-2022","Zhang 2023","Open to all","https://zenodo.org/records/15063683","https://essd.copernicus.org/articles/16/1353/2024/","Zhang, X., Zhao, T., Xu, H., Liu, W., Wang, J., Chen, X., & Liu, L. (2023). GLC_FCS30D: The first global 30-m land-cover dynamic monitoring product with a fine classification system from 1985 to 2022 using dense time-series Landsat imagery and continuous change-detection method. Earth System Science Data Discussions, 2023, 1-32.","https://doi.org/10.5194/essd-16-1353-2024",NA,"35 classes","Romain (add, use)","29/07/2025"
"Global Dynamic Land Cover","Landcover","Land use land cover","World","100m","2015-2019","Copernicus CLMS","Open after registration","https://land.copernicus.eu/en/products/global-dynamic-land-cover",NA,NA,NA,NA,"new data for 2020-2026 will be release at 10m resolution","Romain (add)","29/07/2025"
"HILDA+","Landcover","Land use land cover","World","1km","1960-2019","KIT - Karlsuhe Institute of Technology","Open to all","https://doi.org/10.1594/PANGAEA.921846",NA,"Winkler, K., Fuchs, R., Rounsevell, M., & Herold, M. (2021). Global land use changes are four times greater than previously estimated. Nature communications, 12(1), 2501.","https://doi.org/10.1038/s41467-021-22702-2",NA,"6 classes, v2 will be available soon: https://doi.pangaea.de/10.1594/PANGAEA.974335","Romain (add)","29/07/2025"
"MODIS Land Cover MCD12Q1","Landcover","Land use land cover","World","500m","2001-2019","NASA - MODIS","Open to all","https://lpdaac.usgs.gov/products/mcd12q1v061/",NA,"Mark Friedl, Damien Sulla-Menashe . 2022. MODIS/Terra+Aqua Land Cover Type Yearly L3 Global 500m SIN Grid V061 . Sioux Falls, South Dakota, USA: NASA Land Processes Distributed Active Archive Center.","https://doi.org/10.5067/MODIS/MCD12Q1.061",NA,"5 different classification with 8 to 17 classes","Romain (add)","29/07/2025"
"OSO Land Cover","Landcover","Land use land cover","France","10m","2018-2021","Theia","Open to all","https://www.theia-land.fr/en/blog/product/land-cover-map/","https://zenodo.org/records/6538910","Inglada, J., Vincent, A., Arias, M., Tardy, B., Morin, D., & Rodes, I. (2017). Operational high resolution land cover map production at the country scale using satellite image time series. Remote Sensing, 9(1), 95.","https://doi.org/10.3390/rs9010095",NA,"older data 2016-2017 from: https://www.theia-land.fr/en/blog/ceslist/land-cover-sec/","Romain (add)","29/07/2025"
"WorldCover","Landcover","Land use land cover","World","10m","2021","ESA","Open to all","https://esa-worldcover.org/en/data-access",NA,"Zanaga, D., Van De Kerchove, R., Daems, D., De Keersmaecker, W., Brockmann, C., Kirches, G., Wevers, J., Cartus, O., Santoro, M., Fritz, S., Lesiv, M., Herold, M., Tsendbazar, N.E., Xu, P., Ramoino, F., Arino, O., 2022. ESA WorldCover 10 m 2021 v200.","https://doi.org/10.5281/zenodo.7254221","https://viewer.esa-worldcover.org/worldcover/","11 classes","Romain (add)","07/2025"
"Grassland","Natural grasslands","Land use land cover","Europe","10m","2015, 2018","Copernicus CLMS","Open to all","https://land.copernicus.eu/en/products/high-resolution-layer-grassland",NA,NA,NA,NA,NA,"Romain (add)","07/2025"
"Panhelleux 2023","Natural grasslands","Land use land cover","France","10m","2018","Panhelleux 2023","Open to all","https://zenodo.org/records/7895449",NA,"Panhelleux, L., Rapinel, S., & Hubert-Moy, L. (2023). Natural grasslands across mainland France: A dataset including a 10 m raster and ground reference points. Data in Brief, 49, 109348.","https://doi.org/10.1016/j.dib.2023.109348",NA,NA,"Romain (add)","29/07/2025"
"CEREMA","soil artificialization","Land use land cover","France","vector, commune or 1km","2009-2024","data.gouv","Open to all","https://www.data.gouv.fr/fr/datasets/consommation-despaces-naturels-agricoles-et-forestiers-du-1er-janvier-2009-au-1er-janvier-2024/","https://artificialisation.developpement-durable.gouv.fr/",NA,NA,"https://artificialisation.developpement-durable.gouv.fr/cartographie-artificialisation","older data from 1994 available at: https://datafoncier.cerema.fr/usages/consommation-des-espaces-et-occupation-des-sols/evaluation-consommation-espaces-entre-1994-et-2011","Romain (add)","07/2025"
"Air Pollution INERIS","air pollution","Pollution","France","2km","2000-20","INERIS","Open to all","https://www.ineris.fr/fr/recherche-appui/risques-chroniques/mesure-prevision-qualite-air/qualite-air-france-metropolitaine","https://zenodo.org/records/5043645","Real, E., Couvidat, F., Ung, A., Malherbe, L., Raux, B., Gressent, A., & Colette, A. (2022). Historical reconstruction of background air pollution over France for 2000–2015. Earth System Science Data, 14(5), 2419-2443.","https://doi.org/10.5194/essd-14-2419-2022","https://www.prevair.org/","Not sure the download can be automatized from ShinyApp, but ok from Zenodo. Data for dioxyde d’azote (NO2), ozone (O3),  les particules PM10 à partir de l'année 2000 et les particules PM2.5 à partir de l'année 2009.","Romain (add)","28/07/2025"
"EMEP MSC-W","air pollution","Pollution","Europe","0.1 deg ~10km","1990-2023","EMEP - European Monitoring and Evaluation Programme","Open to all","https://www.emep.int/mscw/mscw_moddata.html",NA,"Simpson, D., Benedictow, A., Berge, H., Bergström, R., Emberson, L. D., Fagerli, H., Flechard, C. R., Hayman, G. D., Gauss, M., Jonson, J. E., Jenkin, M. E., Nyíri, A., Richter, C., Semeena, V. S., Tsyro, S., Tuovinen, J.-P., Valdebenito, Á., and Wind, P.: The EMEP MSC-W chemical transport model – technical description, Atmos. Chem. Phys., 12, 7825–7865","https://doi.org/10.5194/acp-12-7825-2012",NA,"depositions of sulphur (S) and nitrogen (N), and air concentrations of ozone (O3) and particulate matter (PM)","Romain (add)","28/07/2025"
"VIIRS Nightttime lights","nighttime light","Pollution","World","15 arc second ~500m","2013-2022","Elvidge 2021","Open after registration","https://eogdata.mines.edu/products/vnl/",NA,"Elvidge, C.D, Zhizhin, M., Ghosh T., Hsu FC, Taneja J. Annual time series of global VIIRS nighttime lights derived from monthly averages:2012 to 2019. Remote Sensing 2021, 13(5), p.922,","https://doi.org/10.3390/rs13050922","https://www.lightpollutionmap.info/",NA,"Romain (add)","29/07/2025"
"Carte de bruit stratégique (CBS)","noise pollution","Pollution","France","vector 1/10000","2022","data.gouv","Open to all","https://www.data.gouv.fr/fr/datasets/cartes-de-bruit-strategiques-des-reseaux-routiers-et-ferroviaires-non-concedes-directive-europeenne-2002-49-ce/","https://www.data.gouv.fr/fr/datasets/bruit-dans-lenvironnement-cartographie-du-bruit-2022/",NA,NA,"https://cartagene.cerema.fr/portal/apps/experiencebuilder/experience/?id=40b001023f5c4c0097f08fded742afc0&page=page_2",NA,"Romain (add)","29/07/2025"
"Quietness Suitability Index","noise pollution","Pollution","Europe","100m","2016","EEA","Open to all","https://sdi.eea.europa.eu/catalogue/srv/eng/catalog.search#/metadata/e9151c34-da65-48b9-a2ca-b9b835480812","https://www.eea.europa.eu/en/analysis/publications/quiet-areas-in-europe","European Environment Agency (2016).Potential quiet areas in Europe, based upon Quietness Suitability Index (QSI), Aug. 2016.",NA,"https://www.eea.europa.eu/en/analysis/maps-and-charts/potential-quiet-areas-in-europe?activeTab=265e2bee-7de3-46e8-b6ee-76005f3f434f",NA,"Romain (add)","29/07/2025"
"Adonis","pesticide use","Pollution","France","vector","2022","Solagro","Open after registration","https://solagro.org/nos-domaines-d-intervention/agroecologie/carte-pesticides-adonis",NA,NA,NA,NA,"Rigal 2025 is easier to access and updated","Romain (add), Miriam (use)","07/2025"
"Porta 2025","pesticide use","Pollution","Europe","250m","2018","Porta 2025","Open to all","https://figshare.com/articles/dataset/Pesticides_application_rate_maps_in_the_European_Union_at_high_spatial_resolution/27743286",NA,"Porta, G.M., Casse, L., Manzoni, A. et al. Pesticides application rate maps in the European Union at a 250 m spatial resolution. Sci Data 12, 725 (2025)","https://doi.org/10.1038/s41597-025-05031-7",NA,"53 active ingredients","Romain (add)","29/07/2025"
"Rigal 2025","pesticide use","Pollution","France","vector - 5km","2013-2022","Rigal 2025","Open to all","https://datadryad.org/dataset/doi:10.5061/dryad.g4f4qrg0p","https://zenodo.org/records/14833392","Rigal, S., & Perrot, T. (2025). Pesticides in France: ten years of combined exposure to active substances in land, air and surface water. Scientific Data, 12(1), 512.","https://doi.org/10.1038/s41597-025-04864-6",NA,NA,"Romain (add)","29/07/2025"
"Udias 2023","pesticide use","Pollution","Europe","vector, small regions","2015","JRC","Open to all","https://data.jrc.ec.europa.eu/dataset/bf95e015-e041-4882-81fa-f2b283786d5c#dataaccess",NA,"Udias, A., Galimberti, F., Dorati, C., & Pistocchi, A. (2023). Emissions of pesticides in the European Union: a new regional-level dataset. Scientific Data, 10(1), 869.","https://doi.org/10.1038/s41597-023-02753-4",NA,"csv with code for NUTS3 id, so easy to spatialize with corresponding EU shapefile (-> attention, need to match on NUT3 classification from 2013!). The dataset contains estimated emissions of 152 active substances at NUTS Level 3 European administrative units; include Fungicides and Bactericides, Herbicides, Insecticides and Acaricides, Plant growth regulators, Molluscicides, Other plant protection products.","Romain (add), Miriam (use)","29/07/2025"
"River quality","river quality","Pollution","France","vector, river",NA,"Agence de l'eau","Open to all","https://qualite-riviere.lesagencesdeleau.fr/",NA,NA,NA,NA,NA,"Romain (add)","07/2025"
"Waterbase","water quality","Pollution","Europe","vector, water body","1900-2023","EEA","Open to all","https://www.eea.europa.eu/en/datahub/datahubitem-view/fbf3717c-cd7b-4785-933a-d0cf510542e1",NA,NA,NA,NA,"nutrients, organic matter, hazardous substances, pesticides and other chemicals in rivers, lakes, groundwater, transitional, coastal and marine water","Romain (add)","07/2025"
"European Soil Database (ESDB v2)","soil","Soil","Europe","1km","2006","JRC - EU Joint Research Centre","Upon request","https://esdac.jrc.ec.europa.eu/content/european-soil-database-v2-raster-library-1kmx1km",NA,"Panagos, P., Van Liedekerke, M., Borrelli, P., Köninger, J., Ballabio, C., Orgiazzi, A., ... & Montanarella, L. (2022). European Soil Data Centre 2.0: Soil data and knowledge in support of the EU policies. European Journal of Soil Science, 73(6), e13315.","https://doi.org/10.1111/ejss.13315",NA,"73 soil attributes, many other dataset at: https://esdac.jrc.ec.europa.eu/resource-type/datasets","Romain (add)","29/07/2025"
"Global Rainfall Erosivity (GloREDa)","soil","Soil","World","1km","2023","JRC - EU Joint Research Centre","Open to all","https://esdac.jrc.ec.europa.eu/content/gloreda",NA,"Panagos, P., Hengl, T., Wheeler, I., Marcinkowski, P., Rukeza, M. B., Yu, B., ... & Borrelli, P. (2023). Global rainfall erosivity database (GloREDa) and monthly R-factor data at 1 km spatial resolution. Data in brief, 50, 109482.","https://doi.org/10.1016/j.dib.2023.109482",NA,NA,"Romain (add)","29/07/2025"
"Harmonized World Soil Database (HWSD v2.0)","soil","Soil","World","1km","2023","FAO","Open to all","https://gaez.fao.org/pages/hwsd","https://data.isric.org/geonetwork/srv/all/catalog.search#/metadata/54aebf11-ec73-4ff8-bf6c-ecff4b0725ea","Batjes, N. H. (2016). Harmonized soil property values for broad-scale modelling (WISE30sec) with estimates of global soil carbon stocks. Geoderma, 269, 61-68.","https://doi.org/10.1016/j.geoderma.2016.01.034","https://hqfao.maps.arcgis.com/apps/dashboards/ab43f3f516364e77998f0c0abf655571",NA,"Romain (add)","29/07/2025"
"Topsoil physical and chemical properties (LUCAS)","soil","Soil","Europe","500m","2016, 2019","JRC - EU Joint Research Centre","Open to all","https://esdac.jrc.ec.europa.eu/content/topsoil-physical-properties-europe-based-lucas-topsoil-data","https://esdac.jrc.ec.europa.eu/content/chemical-properties-european-scale-based-lucas-topsoil-data","Ballabio, C., Lugato, E., Fernández-Ugalde, O., Orgiazzi, A., Jones, A., Borrelli, P., ... & Panagos, P. (2019). Mapping LUCAS topsoil chemical properties at European scale using Gaussian process regression. Geoderma, 355, 113912.","https://doi.org/10.1016/j.geoderma.2019.113912",NA,"physical properties: https://doi.org/10.1016/j.geoderma.2015.07.006","Romain (add)","29/07/2025"
"Soil Grids","Soil properties","Soil","World","250m","2020","ISRIC","Open to all","https://www.isric.org/explore/soilgrids","https://git.wur.nl/isric/soilgrids/soilgrids.notebooks","Poggio, L., De Sousa, L. M., Batjes, N. H., Heuvelink, G. B., Kempen, B., Ribeiro, E., & Rossiter, D. (2021). SoilGrids 2.0: producing soil information for the globe with quantified spatial uncertainty. Soil, 7(1), 217-240.","https://doi.org/10.5194/soil-7-217-2021","https://soilgrids.org/",NA,"Romain (add)","29/07/2025"
"Base de Données Géographique des Sols de France (BDGSF)","soil type, water reserve, soil depth","Soil","France","vector 1/1000000","1998","data.gouv","Open to all","https://entrepot.recherche.data.gouv.fr/dataverse/bdgsf",NA,"INRA, 2018, ""Base de Données Géographique des Sols de France à 1/1 000 000 version 3.2.8.0, 10/09/1998"", Recherche Data Gouv, V1","https://doi.org/10.15454/BPN57S","https://www.geoportail.gouv.fr/donnees/carte-des-sols",NA,"Romain (add)","29/07/2025"
"Global Aridity Index and Potential Evapotranspiration Database (Global-AI_PET_v3)","Aridity index, Potential Evapotranspiration","Vegetation indices","World","30 arc second ~ 1km","1976-2000, monthly or yearly","CMCC","Open to all","https://figshare.com/articles/dataset/Global_Aridity_Index_and_Potential_Evapotranspiration_ET0_Climate_Database_v2/7504448","https://www.global-ai-pet.org/global-aridity-index-pet-database","Zomer, R. J., Xu, J., & Trabucco, A. (2022). Version 3 of the global aridity index and potential evapotranspiration database. Scientific Data, 9(1), 409.","https://doi.org/10.1038/s41597-022-01493-1",NA,"Also available in Google Earth: https://gee-community-catalog.org/projects/ai0/","Romain (add)","05/08/2025"
"Global Ecosystem Dynamics Investigation (GEDI)","Canopy height (L3), Above ground biomass density (L4)","Vegetation indices","World","1km","2019-2023","NASA","Open after registration","https://www.earthdata.nasa.gov/data/catalog/ornl-cloud-gedi-l3-landsurface-metrics-v2-1952-2","https://gedi.umd.edu/data/download/","Dubayah, R.O., S.B. Luthcke, T.J. Sabaka, J.B. Nicholas, S. Preaux, and M.A. Hofton. 2021. GEDI L3 Gridded Land Surface Metrics, Version 2. ORNL DAAC, Oak Ridge, Tennessee, USA. Distributed by OpenTopography. https://doi.org/10.3334/ORNLDAAC/1952.","https://doi.org/10.3334/ORNLDAAC/1952","https://webmap.ornl.gov/wcsdown/dataset.jsp?ds_id=1952","Limited to -52 and 52 degrees latitude. Also available in https://portal.opentopography.org/datasetMetadata?otCollectionID=OT.032022.4326.1","Romain (add)","05/08/2025"
"GLEAM4","evaporation and moisture","Vegetation indices","World","0.1 deg ~10km","1980-2023","Miralles 2025","Open to all","https://zenodo.org/records/14724263","https://www.gleam.eu/","Miralles, D. G., Bonte, O., Koppa, A., Baez-Villanueva, O. M., Tronquo, E., Zhong, F., ... & Haghdoost, S. (2025). GLEAM4: global land evaporation and soil moisture dataset at 0.1 resolution from 1980 to near present. Scientific data, 12(1), 416","https://doi.org/10.1038/s41597-025-04610-y",NA,"estimate the different components of terrestrial evaporation (i.e. 'evapotranspiration') based on satellite observations: transpiration (Et), interception loss (Ei), bare-soil evaporation (Eb), snow sublimation (Es) and open-water evaporation (Ew). Intermediate outputs of the model include potential evaporation (Ep), root-zone soil moisture(SMrz), surface soil moisture (SMs), evaporative stress (S), and surface sensible heat flux (H)","Romain (add)","29/07/2025"
"MODIS Primary productivity","Net Primary production","Vegetation indices","World","500m","2001-2024, annual","NASA - MODIS","Open to all","https://lpdaac.usgs.gov/products/mod17a3hgfv061/","https://opendap.cr.usgs.gov/opendap/hyrax/DP137/MOLT/MOD17A3HGF.061/contents.html","Running, S., & Zhao, M. (2021). MODIS/Terra Net Primary Production Gap-Filled Yearly L4 Global 500m SIN Grid V061. NASA Land Processes Distributed Active Archive Center","https://doi.org/10.5067/MODIS/MOD17A3HGF.061",NA,NA,"Romain (add)","29/07/2025"
"High-Resolution Vegetation","Vegetation Index","Vegetation indices","World","10m (Europe) 300m (World)","1999-2024","Copernicus CLMS","Open after registration","https://land.copernicus.eu/en/products/vegetation",NA,NA,NA,"https://land.copernicus.eu/en/map-viewer?dataset=077a0417ac4f49a08d57935d20c3ca04","Various dataset: Leaf Area index, Burnt area, Phenology, Primary production","Romain (add)","29/07/2025"
"MODIS Vegetation Index MOD13Q1","Vegetation Index (EVI)","Vegetation indices","World","250m","2000-2025, 16days","NASA - MODIS","Open to all","https://www.earthdata.nasa.gov/data/catalog/lpcloud-mod13q1-061","https://stac.openlandmap.org/evi_mod13q1.tmwm.inpaint/collection.json?.language=en","Didan, K. (2021). MODIS/Terra Vegetation Indices 16-Day L3 Global 250m SIN Grid V061. NASA Land Processes Distributed Active Archive Center.","https://doi.org/10.5067/MODIS/MOD13Q1.061",NA,NA,"Romain (add)","29/07/2025"
